condition,prediction_dataset,n_tf,combo_id,seed,pearson_r,r_squared,rmse_delta_log2,n_points,rates_file
self_off,multi-hit,1,combo001_CREB1,0,0.6035976628875453,0.3643301386433068,0.9899386233801825,721,/Users/iyubin/Documents/Codex/2026-06-05/pdf/outputs/figure3/multihit/self_off/predictions/self_off_n01_combo001_CREB1_seed00_multihit_rates.txt
self_off,multi-hit,1,combo002_CREB3,0,0.5165324416089176,0.2668057632344699,1.0266796204696296,719,/Users/iyubin/Documents/Codex/2026-06-05/pdf/outputs/figure3/multihit/self_off/predictions/self_off_n01_combo002_CREB3_seed00_multihit_rates.txt
self_off,multi-hit,1,combo003_CREB5,0,0.6362555351734636,0.4048211060388705,0.8667356351770363,721,/Users/iyubin/Documents/Codex/2026-06-05/pdf/outputs/figure3/multihit/self_off/predictions/self_off_n01_combo003_CREB5_seed00_multihit_rates.txt
self_off,multi-hit,1,combo004_CREM,0,0.6351457294425217,0.40341009762907293,0.838905184376074,721,/Users/iyubin/Documents/Codex/2026-06-05/pdf/outputs/figure3/multihit/self_off/predictions/self_off_n01_combo004_CREM_seed00_multihit_rates.txt
self_off,multi-hit,1,combo005_ATF1,0,0.0003012596137526945,9.075735487842269e-08,1.4461984174423492,721,/Users/iyubin/Documents/Codex/2026-06-05/pdf/outputs/figure3/multihit/self_off/predictions/self_off_n01_combo005_ATF1_seed00_multihit_rates.txt
self_off,multi-hit,1,combo006_ATF4,0,0.05403350087065547,0.0029196192163391255,4.887908079041217,721,/Users/iyubin/Documents/Codex/2026-06-05/pdf/outputs/figure3/multihit/self_off/predictions/self_off_n01_combo006_ATF4_seed00_multihit_rates.txt
self_off,multi-hit,1,combo007_ATF7,0,0.635689191954741,0.4041007487680716,0.9046345947456961,721,/Users/iyubin/Documents/Codex/2026-06-05/pdf/outputs/figure3/multihit/self_off/predictions/self_off_n01_combo007_ATF7_seed00_multihit_rates.txt
self_off,multi-hit,2,combo008_CREB1-CREB3,0,0.6084128112539513,0.3701661488979362,0.9477932737687812,721,/Users/iyubin/Documents/Codex/2026-06-05/pdf/outputs/figure3/multihit/self_off/predictions/self_off_n02_combo008_CREB1-CREB3_seed00_multihit_rates.txt
self_off,multi-hit,2,combo009_CREB1-CREB5,0,0.7088621651338821,0.5024855691582951,0.7859376537788173,721,/Users/iyubin/Documents/Codex/2026-06-05/pdf/outputs/figure3/multihit/self_off/predictions/self_off_n02_combo009_CREB1-CREB5_seed00_multihit_rates.txt
self_off,multi-hit,2,combo010_CREB1-CREM,0,0.7766367957941497,0.6031647125814038,0.7156425521813028,721,/Users/iyubin/Documents/Codex/2026-06-05/pdf/outputs/figure3/multihit/self_off/predictions/self_off_n02_combo010_CREB1-CREM_seed00_multihit_rates.txt
self_off,multi-hit,2,combo011_CREB1-ATF1,0,0.5921047679797632,0.3505880562643692,0.9977222112634887,721,/Users/iyubin/Documents/Codex/2026-06-05/pdf/outputs/figure3/multihit/self_off/predictions/self_off_n02_combo011_CREB1-ATF1_seed00_multihit_rates.txt
self_off,multi-hit,2,combo012_CREB1-ATF4,0,0.5939089169501054,0.35272780163284717,1.0088420687492161,721,/Users/iyubin/Documents/Codex/2026-06-05/pdf/outputs/figure3/multihit/self_off/predictions/self_off_n02_combo012_CREB1-ATF4_seed00_multihit_rates.txt
self_off,multi-hit,2,combo013_CREB1-ATF7,0,0.6995465745459579,0.4893654099589835,0.8394137619474868,721,/Users/iyubin/Documents/Codex/2026-06-05/pdf/outputs/figure3/multihit/self_off/predictions/self_off_n02_combo013_CREB1-ATF7_seed00_multihit_rates.txt
self_off,multi-hit,2,combo014_CREB3-CREB5,0,0.02543349775213518,0.0006468628079078653,3.0811856920379292,675,/Users/iyubin/Documents/Codex/2026-06-05/pdf/outputs/figure3/multihit/self_off/predictions/self_off_n02_combo014_CREB3-CREB5_seed00_multihit_rates.txt
self_off,multi-hit,2,combo015_CREB3-CREM,0,0.6832401597176667,0.4668171158510227,0.7709876426847453,721,/Users/iyubin/Documents/Codex/2026-06-05/pdf/outputs/figure3/multihit/self_off/predictions/self_off_n02_combo015_CREB3-CREM_seed00_multihit_rates.txt
self_off,multi-hit,2,combo016_CREB3-ATF1,0,0.43716590821351536,0.19111403130414775,1.129458676483162,721,/Users/iyubin/Documents/Codex/2026-06-05/pdf/outputs/figure3/multihit/self_off/predictions/self_off_n02_combo016_CREB3-ATF1_seed00_multihit_rates.txt
self_off,multi-hit,2,combo017_CREB3-ATF4,0,0.07883883971242193,0.006215562647200958,2.9227867081493475,719,/Users/iyubin/Documents/Codex/2026-06-05/pdf/outputs/figure3/multihit/self_off/predictions/self_off_n02_combo017_CREB3-ATF4_seed00_multihit_rates.txt
self_off,multi-hit,2,combo018_CREB3-ATF7,0,0.6293319218719421,0.3960586678870322,0.8601054545155897,721,/Users/iyubin/Documents/Codex/2026-06-05/pdf/outputs/figure3/multihit/self_off/predictions/self_off_n02_combo018_CREB3-ATF7_seed00_multihit_rates.txt
self_off,multi-hit,2,combo019_CREB5-CREM,0,0.6449281847088372,0.415932363431836,0.8685247252874798,721,/Users/iyubin/Documents/Codex/2026-06-05/pdf/outputs/figure3/multihit/self_off/predictions/self_off_n02_combo019_CREB5-CREM_seed00_multihit_rates.txt
self_off,multi-hit,2,combo020_CREB5-ATF1,0,0.6323604238011469,0.3998797055899661,0.9459687168159158,721,/Users/iyubin/Documents/Codex/2026-06-05/pdf/outputs/figure3/multihit/self_off/predictions/self_off_n02_combo020_CREB5-ATF1_seed00_multihit_rates.txt
self_off,multi-hit,2,combo021_CREB5-ATF4,0,0.6139049236880324,0.3768792553284089,0.980200180391472,721,/Users/iyubin/Documents/Codex/2026-06-05/pdf/outputs/figure3/multihit/self_off/predictions/self_off_n02_combo021_CREB5-ATF4_seed00_multihit_rates.txt
self_off,multi-hit,2,combo022_CREB5-ATF7,0,0.6858076410668255,0.4703321205456437,0.8287706505763438,721,/Users/iyubin/Documents/Codex/2026-06-05/pdf/outputs/figure3/multihit/self_off/predictions/self_off_n02_combo022_CREB5-ATF7_seed00_multihit_rates.txt
self_off,multi-hit,2,combo023_CREM-ATF1,0,0.6533273700484015,0.4268366524543609,0.9084097337501985,721,/Users/iyubin/Documents/Codex/2026-06-05/pdf/outputs/figure3/multihit/self_off/predictions/self_off_n02_combo023_CREM-ATF1_seed00_multihit_rates.txt
self_off,multi-hit,2,combo024_CREM-ATF4,0,0.6370800003553804,0.40587092685281145,0.841548031926165,721,/Users/iyubin/Documents/Codex/2026-06-05/pdf/outputs/figure3/multihit/self_off/predictions/self_off_n02_combo024_CREM-ATF4_seed00_multihit_rates.txt
self_off,multi-hit,2,combo025_CREM-ATF7,0,0.6258393338911022,0.39167487184525857,0.8662827908865091,721,/Users/iyubin/Documents/Codex/2026-06-05/pdf/outputs/figure3/multihit/self_off/predictions/self_off_n02_combo025_CREM-ATF7_seed00_multihit_rates.txt
self_off,multi-hit,2,combo026_ATF1-ATF4,0,0.007799407240582751,6.083075330445465e-05,1.4512865166329483,721,/Users/iyubin/Documents/Codex/2026-06-05/pdf/outputs/figure3/multihit/self_off/predictions/self_off_n02_combo026_ATF1-ATF4_seed00_multihit_rates.txt
self_off,multi-hit,2,combo027_ATF1-ATF7,0,0.5422085527439594,0.293990114668699,0.980125268088789,721,/Users/iyubin/Documents/Codex/2026-06-05/pdf/outputs/figure3/multihit/self_off/predictions/self_off_n02_combo027_ATF1-ATF7_seed00_multihit_rates.txt
self_off,multi-hit,2,combo028_ATF4-ATF7,0,0.05380898197595481,0.0028954065412886295,10.46179476092688,712,/Users/iyubin/Documents/Codex/2026-06-05/pdf/outputs/figure3/multihit/self_off/predictions/self_off_n02_combo028_ATF4-ATF7_seed00_multihit_rates.txt
self_off,multi-hit,3,combo029_CREB1-CREB3-CREB5,0,0.7341261836016864,0.5389412534495769,0.7771214866012909,721,/Users/iyubin/Documents/Codex/2026-06-05/pdf/outputs/figure3/multihit/self_off/predictions/self_off_n03_combo029_CREB1-CREB3-CREB5_seed00_multihit_rates.txt
self_off,multi-hit,3,combo030_CREB1-CREB3-CREM,0,0.7906136862579556,0.625070000898393,0.6704511881466088,721,/Users/iyubin/Documents/Codex/2026-06-05/pdf/outputs/figure3/multihit/self_off/predictions/self_off_n03_combo030_CREB1-CREB3-CREM_seed00_multihit_rates.txt
self_off,multi-hit,3,combo031_CREB1-CREB3-ATF1,0,0.6551569004660353,0.42923056422826245,0.8903714731357346,721,/Users/iyubin/Documents/Codex/2026-06-05/pdf/outputs/figure3/multihit/self_off/predictions/self_off_n03_combo031_CREB1-CREB3-ATF1_seed00_multihit_rates.txt
self_off,multi-hit,3,combo032_CREB1-CREB3-ATF4,0,0.6646483341893206,0.44175740814063874,0.8967547189631867,721,/Users/iyubin/Documents/Codex/2026-06-05/pdf/outputs/figure3/multihit/self_off/predictions/self_off_n03_combo032_CREB1-CREB3-ATF4_seed00_multihit_rates.txt
self_off,multi-hit,3,combo033_CREB1-CREB3-ATF7,0,0.6133685933676523,0.3762210313298123,0.9525467114981558,721,/Users/iyubin/Documents/Codex/2026-06-05/pdf/outputs/figure3/multihit/self_off/predictions/self_off_n03_combo033_CREB1-CREB3-ATF7_seed00_multihit_rates.txt
self_off,multi-hit,3,combo034_CREB1-CREB5-CREM,0,0.7814639075956917,0.6106858388747278,0.7373282424034368,721,/Users/iyubin/Documents/Codex/2026-06-05/pdf/outputs/figure3/multihit/self_off/predictions/self_off_n03_combo034_CREB1-CREB5-CREM_seed00_multihit_rates.txt
self_off,multi-hit,3,combo035_CREB1-CREB5-ATF1,0,0.686471709574244,0.4712434080457852,0.8320849654488832,721,/Users/iyubin/Documents/Codex/2026-06-05/pdf/outputs/figure3/multihit/self_off/predictions/self_off_n03_combo035_CREB1-CREB5-ATF1_seed00_multihit_rates.txt
self_off,multi-hit,3,combo036_CREB1-CREB5-ATF4,0,0.7179829554311128,0.5154995242895953,0.7909888653795152,721,/Users/iyubin/Documents/Codex/2026-06-05/pdf/outputs/figure3/multihit/self_off/predictions/self_off_n03_combo036_CREB1-CREB5-ATF4_seed00_multihit_rates.txt
self_off,multi-hit,3,combo037_CREB1-CREB5-ATF7,0,0.7540179311369885,0.5685430404761043,0.7539321272728731,721,/Users/iyubin/Documents/Codex/2026-06-05/pdf/outputs/figure3/multihit/self_off/predictions/self_off_n03_combo037_CREB1-CREB5-ATF7_seed00_multihit_rates.txt
self_off,multi-hit,3,combo038_CREB1-CREM-ATF1,0,0.6960483081775468,0.4844832473168252,0.9184529261820277,721,/Users/iyubin/Documents/Codex/2026-06-05/pdf/outputs/figure3/multihit/self_off/predictions/self_off_n03_combo038_CREB1-CREM-ATF1_seed00_multihit_rates.txt
self_off,multi-hit,3,combo039_CREB1-CREM-ATF4,0,0.7644512804398838,0.5843857601661778,0.7180196745163024,721,/Users/iyubin/Documents/Codex/2026-06-05/pdf/outputs/figure3/multihit/self_off/predictions/self_off_n03_combo039_CREB1-CREM-ATF4_seed00_multihit_rates.txt
self_off,multi-hit,3,combo040_CREB1-CREM-ATF7,0,0.7813611726718693,0.6105252821591588,0.7181504707169549,721,/Users/iyubin/Documents/Codex/2026-06-05/pdf/outputs/figure3/multihit/self_off/predictions/self_off_n03_combo040_CREB1-CREM-ATF7_seed00_multihit_rates.txt
self_off,multi-hit,3,combo041_CREB1-ATF1-ATF4,0,0.595925531221943,0.355127238762155,1.007259006062314,721,/Users/iyubin/Documents/Codex/2026-06-05/pdf/outputs/figure3/multihit/self_off/predictions/self_off_n03_combo041_CREB1-ATF1-ATF4_seed00_multihit_rates.txt
self_off,multi-hit,3,combo042_CREB1-ATF1-ATF7,0,0.6982749460692957,0.48758790030807786,0.8693291869232269,721,/Users/iyubin/Documents/Codex/2026-06-05/pdf/outputs/figure3/multihit/self_off/predictions/self_off_n03_combo042_CREB1-ATF1-ATF7_seed00_multihit_rates.txt
self_off,multi-hit,3,combo043_CREB1-ATF4-ATF7,0,0.6313986979124893,0.39866431572558686,0.9770286413856214,721,/Users/iyubin/Documents/Codex/2026-06-05/pdf/outputs/figure3/multihit/self_off/predictions/self_off_n03_combo043_CREB1-ATF4-ATF7_seed00_multihit_rates.txt
self_off,multi-hit,3,combo044_CREB3-CREB5-CREM,0,0.6746647985230735,0.45517259036617935,0.7893379256968166,721,/Users/iyubin/Documents/Codex/2026-06-05/pdf/outputs/figure3/multihit/self_off/predictions/self_off_n03_combo044_CREB3-CREB5-CREM_seed00_multihit_rates.txt
self_off,multi-hit,3,combo045_CREB3-CREB5-ATF1,0,0.5495507230817991,0.3020059972397282,1.0439466371938264,721,/Users/iyubin/Documents/Codex/2026-06-05/pdf/outputs/figure3/multihit/self_off/predictions/self_off_n03_combo045_CREB3-CREB5-ATF1_seed00_multihit_rates.txt
self_off,multi-hit,3,combo046_CREB3-CREB5-ATF4,0,0.6743182132441806,0.45470505271282424,0.7999636096478093,721,/Users/iyubin/Documents/Codex/2026-06-05/pdf/outputs/figure3/multihit/self_off/predictions/self_off_n03_combo046_CREB3-CREB5-ATF4_seed00_multihit_rates.txt
self_off,multi-hit,3,combo047_CREB3-CREB5-ATF7,0,0.6833866550917226,0.467017320357453,0.786713659418403,721,/Users/iyubin/Documents/Codex/2026-06-05/pdf/outputs/figure3/multihit/self_off/predictions/self_off_n03_combo047_CREB3-CREB5-ATF7_seed00_multihit_rates.txt
self_off,multi-hit,3,combo048_CREB3-CREM-ATF1,0,0.6430438542913246,0.4135053985418423,0.777551476661041,721,/Users/iyubin/Documents/Codex/2026-06-05/pdf/outputs/figure3/multihit/self_off/predictions/self_off_n03_combo048_CREB3-CREM-ATF1_seed00_multihit_rates.txt
self_off,multi-hit,3,combo049_CREB3-CREM-ATF4,0,0.6899722044588901,0.4760616429258604,0.7452268666028579,721,/Users/iyubin/Documents/Codex/2026-06-05/pdf/outputs/figure3/multihit/self_off/predictions/self_off_n03_combo049_CREB3-CREM-ATF4_seed00_multihit_rates.txt
self_off,multi-hit,3,combo050_CREB3-CREM-ATF7,0,0.5627641350244541,0.316703471669822,4.649089433409348,721,/Users/iyubin/Documents/Codex/2026-06-05/pdf/outputs/figure3/multihit/self_off/predictions/self_off_n03_combo050_CREB3-CREM-ATF7_seed00_multihit_rates.txt
self_off,multi-hit,3,combo051_CREB3-ATF1-ATF4,0,0.5228223331713374,0.27334319206272095,1.0797770536780156,721,/Users/iyubin/Documents/Codex/2026-06-05/pdf/outputs/figure3/multihit/self_off/predictions/self_off_n03_combo051_CREB3-ATF1-ATF4_seed00_multihit_rates.txt
self_off,multi-hit,3,combo052_CREB3-ATF1-ATF7,0,-0.04350922207454838,0.0018930524055323682,1.5341820762026468,721,/Users/iyubin/Documents/Codex/2026-06-05/pdf/outputs/figure3/multihit/self_off/predictions/self_off_n03_combo052_CREB3-ATF1-ATF7_seed00_multihit_rates.txt
self_off,multi-hit,3,combo053_CREB3-ATF4-ATF7,0,0.6257023328032212,0.39150340927539296,0.8712822000601995,721,/Users/iyubin/Documents/Codex/2026-06-05/pdf/outputs/figure3/multihit/self_off/predictions/self_off_n03_combo053_CREB3-ATF4-ATF7_seed00_multihit_rates.txt
self_off,multi-hit,3,combo054_CREB5-CREM-ATF1,0,0.6438163913033403,0.41449954571085584,0.918018538527655,721,/Users/iyubin/Documents/Codex/2026-06-05/pdf/outputs/figure3/multihit/self_off/predictions/self_off_n03_combo054_CREB5-CREM-ATF1_seed00_multihit_rates.txt
self_off,multi-hit,3,combo055_CREB5-CREM-ATF4,0,0.6468939653601035,0.41847180241931875,0.8690509557932177,721,/Users/iyubin/Documents/Codex/2026-06-05/pdf/outputs/figure3/multihit/self_off/predictions/self_off_n03_combo055_CREB5-CREM-ATF4_seed00_multihit_rates.txt
self_off,multi-hit,3,combo056_CREB5-CREM-ATF7,0,0.6425083397497893,0.41281696664803064,0.8401985292208064,721,/Users/iyubin/Documents/Codex/2026-06-05/pdf/outputs/figure3/multihit/self_off/predictions/self_off_n03_combo056_CREB5-CREM-ATF7_seed00_multihit_rates.txt
self_off,multi-hit,3,combo057_CREB5-ATF1-ATF4,0,0.5694161714885121,0.3242347763526346,0.9841415980300772,721,/Users/iyubin/Documents/Codex/2026-06-05/pdf/outputs/figure3/multihit/self_off/predictions/self_off_n03_combo057_CREB5-ATF1-ATF4_seed00_multihit_rates.txt
self_off,multi-hit,3,combo058_CREB5-ATF1-ATF7,0,0.5871201108254489,0.3447100245356874,0.9154398715194811,721,/Users/iyubin/Documents/Codex/2026-06-05/pdf/outputs/figure3/multihit/self_off/predictions/self_off_n03_combo058_CREB5-ATF1-ATF7_seed00_multihit_rates.txt
self_off,multi-hit,3,combo059_CREB5-ATF4-ATF7,0,0.6779518316785116,0.4596186860762489,0.8262333496433552,721,/Users/iyubin/Documents/Codex/2026-06-05/pdf/outputs/figure3/multihit/self_off/predictions/self_off_n03_combo059_CREB5-ATF4-ATF7_seed00_multihit_rates.txt
self_off,multi-hit,3,combo060_CREM-ATF1-ATF4,0,0.6412795631250433,0.4112394780818464,0.9051193941638123,721,/Users/iyubin/Documents/Codex/2026-06-05/pdf/outputs/figure3/multihit/self_off/predictions/self_off_n03_combo060_CREM-ATF1-ATF4_seed00_multihit_rates.txt
self_off,multi-hit,3,combo061_CREM-ATF1-ATF7,0,0.6680036024908749,0.44622881294078676,0.7993913042981335,721,/Users/iyubin/Documents/Codex/2026-06-05/pdf/outputs/figure3/multihit/self_off/predictions/self_off_n03_combo061_CREM-ATF1-ATF7_seed00_multihit_rates.txt
self_off,multi-hit,3,combo062_CREM-ATF4-ATF7,0,0.6762769672682343,0.45735053645752044,0.8112762405556356,721,/Users/iyubin/Documents/Codex/2026-06-05/pdf/outputs/figure3/multihit/self_off/predictions/self_off_n03_combo062_CREM-ATF4-ATF7_seed00_multihit_rates.txt
self_off,multi-hit,3,combo063_ATF1-ATF4-ATF7,0,0.046553202297029105,0.002167200644108116,1.4940565455016575,721,/Users/iyubin/Documents/Codex/2026-06-05/pdf/outputs/figure3/multihit/self_off/predictions/self_off_n03_combo063_ATF1-ATF4-ATF7_seed00_multihit_rates.txt
self_off,multi-hit,4,combo064_CREB1-CREB3-CREB5-CREM,0,0.7966726403590184,0.6346872958966099,0.6716787631922428,721,/Users/iyubin/Documents/Codex/2026-06-05/pdf/outputs/figure3/multihit/self_off/predictions/self_off_n04_combo064_CREB1-CREB3-CREB5-CREM_seed00_multihit_rates.txt
self_off,multi-hit,4,combo065_CREB1-CREB3-CREB5-ATF1,0,0.7331467341191081,0.5375041337495142,0.7735780327425792,721,/Users/iyubin/Documents/Codex/2026-06-05/pdf/outputs/figure3/multihit/self_off/predictions/self_off_n04_combo065_CREB1-CREB3-CREB5-ATF1_seed00_multihit_rates.txt
self_off,multi-hit,4,combo066_CREB1-CREB3-CREB5-ATF4,0,0.7467304483453592,0.5576063624860611,0.7220556875374451,721,/Users/iyubin/Documents/Codex/2026-06-05/pdf/outputs/figure3/multihit/self_off/predictions/self_off_n04_combo066_CREB1-CREB3-CREB5-ATF4_seed00_multihit_rates.txt
self_off,multi-hit,4,combo067_CREB1-CREB3-CREB5-ATF7,0,0.7704750913543875,0.5936318663975518,0.6642911106862698,721,/Users/iyubin/Documents/Codex/2026-06-05/pdf/outputs/figure3/multihit/self_off/predictions/self_off_n04_combo067_CREB1-CREB3-CREB5-ATF7_seed00_multihit_rates.txt
self_off,multi-hit,4,combo068_CREB1-CREB3-CREM-ATF1,0,0.7816598857248871,0.6109921769514436,0.66946955560534,721,/Users/iyubin/Documents/Codex/2026-06-05/pdf/outputs/figure3/multihit/self_off/predictions/self_off_n04_combo068_CREB1-CREB3-CREM-ATF1_seed00_multihit_rates.txt
self_off,multi-hit,4,combo069_CREB1-CREB3-CREM-ATF4,0,0.7774439998832514,0.604419172954469,0.6674775211629304,721,/Users/iyubin/Documents/Codex/2026-06-05/pdf/outputs/figure3/multihit/self_off/predictions/self_off_n04_combo069_CREB1-CREB3-CREM-ATF4_seed00_multihit_rates.txt
self_off,multi-hit,4,combo070_CREB1-CREB3-CREM-ATF7,0,0.800393074332583,0.6406290734395638,0.629532513219337,721,/Users/iyubin/Documents/Codex/2026-06-05/pdf/outputs/figure3/multihit/self_off/predictions/self_off_n04_combo070_CREB1-CREB3-CREM-ATF7_seed00_multihit_rates.txt
self_off,multi-hit,4,combo071_CREB1-CREB3-ATF1-ATF4,0,0.621369448238962,0.3860999912047921,0.9420416308413931,721,/Users/iyubin/Documents/Codex/2026-06-05/pdf/outputs/figure3/multihit/self_off/predictions/self_off_n04_combo071_CREB1-CREB3-ATF1-ATF4_seed00_multihit_rates.txt
self_off,multi-hit,4,combo072_CREB1-CREB3-ATF1-ATF7,0,0.6968090321639151,0.4855428273052121,0.9295488388829418,721,/Users/iyubin/Documents/Codex/2026-06-05/pdf/outputs/figure3/multihit/self_off/predictions/self_off_n04_combo072_CREB1-CREB3-ATF1-ATF7_seed00_multihit_rates.txt
self_off,multi-hit,4,combo073_CREB1-CREB3-ATF4-ATF7,0,0.5348849910373363,0.28610195363701135,3.5674311656290207,721,/Users/iyubin/Documents/Codex/2026-06-05/pdf/outputs/figure3/multihit/self_off/predictions/self_off_n04_combo073_CREB1-CREB3-ATF4-ATF7_seed00_multihit_rates.txt
self_off,multi-hit,4,combo074_CREB1-CREB5-CREM-ATF1,0,0.7402862459782028,0.5480237259845002,0.7782350466913411,721,/Users/iyubin/Documents/Codex/2026-06-05/pdf/outputs/figure3/multihit/self_off/predictions/self_off_n04_combo074_CREB1-CREB5-CREM-ATF1_seed00_multihit_rates.txt
self_off,multi-hit,4,combo075_CREB1-CREB5-CREM-ATF4,0,0.714349737084804,0.5102955468731286,0.8256785235875164,721,/Users/iyubin/Documents/Codex/2026-06-05/pdf/outputs/figure3/multihit/self_off/predictions/self_off_n04_combo075_CREB1-CREB5-CREM-ATF4_seed00_multihit_rates.txt
self_off,multi-hit,4,combo076_CREB1-CREB5-CREM-ATF7,0,0.7799502624125876,0.6083224118374643,0.6912328143055176,721,/Users/iyubin/Documents/Codex/2026-06-05/pdf/outputs/figure3/multihit/self_off/predictions/self_off_n04_combo076_CREB1-CREB5-CREM-ATF7_seed00_multihit_rates.txt
self_off,multi-hit,4,combo077_CREB1-CREB5-ATF1-ATF4,0,0.6120464618993339,0.37460087152349275,1.000342615320173,721,/Users/iyubin/Documents/Codex/2026-06-05/pdf/outputs/figure3/multihit/self_off/predictions/self_off_n04_combo077_CREB1-CREB5-ATF1-ATF4_seed00_multihit_rates.txt
self_off,multi-hit,4,combo078_CREB1-CREB5-ATF1-ATF7,0,0.6091312903124853,0.3710409288377532,0.9336866051679442,721,/Users/iyubin/Documents/Codex/2026-06-05/pdf/outputs/figure3/multihit/self_off/predictions/self_off_n04_combo078_CREB1-CREB5-ATF1-ATF7_seed00_multihit_rates.txt
self_off,multi-hit,4,combo079_CREB1-CREB5-ATF4-ATF7,0,0.7139672628092292,0.5097492523633029,0.8047246037065475,721,/Users/iyubin/Documents/Codex/2026-06-05/pdf/outputs/figure3/multihit/self_off/predictions/self_off_n04_combo079_CREB1-CREB5-ATF4-ATF7_seed00_multihit_rates.txt
self_off,multi-hit,4,combo080_CREB1-CREM-ATF1-ATF4,0,0.7720691624980294,0.5960907916804085,0.7496319984292609,721,/Users/iyubin/Documents/Codex/2026-06-05/pdf/outputs/figure3/multihit/self_off/predictions/self_off_n04_combo080_CREB1-CREM-ATF1-ATF4_seed00_multihit_rates.txt
self_off,multi-hit,4,combo081_CREB1-CREM-ATF1-ATF7,0,0.7728863160224594,0.597353257494769,0.7353583601069751,721,/Users/iyubin/Documents/Codex/2026-06-05/pdf/outputs/figure3/multihit/self_off/predictions/self_off_n04_combo081_CREB1-CREM-ATF1-ATF7_seed00_multihit_rates.txt
self_off,multi-hit,4,combo082_CREB1-CREM-ATF4-ATF7,0,0.7772553350538995,0.6041258558697497,0.7109311532331057,721,/Users/iyubin/Documents/Codex/2026-06-05/pdf/outputs/figure3/multihit/self_off/predictions/self_off_n04_combo082_CREB1-CREM-ATF4-ATF7_seed00_multihit_rates.txt
self_off,multi-hit,4,combo083_CREB1-ATF1-ATF4-ATF7,0,0.697520556174303,0.48653492628570894,0.8800278081223731,721,/Users/iyubin/Documents/Codex/2026-06-05/pdf/outputs/figure3/multihit/self_off/predictions/self_off_n04_combo083_CREB1-ATF1-ATF4-ATF7_seed00_multihit_rates.txt
self_off,multi-hit,4,combo084_CREB3-CREB5-CREM-ATF1,0,0.7063640358613341,0.4989501511583121,0.8413398779153481,721,/Users/iyubin/Documents/Codex/2026-06-05/pdf/outputs/figure3/multihit/self_off/predictions/self_off_n04_combo084_CREB3-CREB5-CREM-ATF1_seed00_multihit_rates.txt
self_off,multi-hit,4,combo085_CREB3-CREB5-CREM-ATF4,0,0.6320083910330496,0.39943460633618416,0.8339679286458039,721,/Users/iyubin/Documents/Codex/2026-06-05/pdf/outputs/figure3/multihit/self_off/predictions/self_off_n04_combo085_CREB3-CREB5-CREM-ATF4_seed00_multihit_rates.txt
self_off,multi-hit,4,combo086_CREB3-CREB5-CREM-ATF7,0,0.7019451486576452,0.4927269917240037,0.7213646843178247,721,/Users/iyubin/Documents/Codex/2026-06-05/pdf/outputs/figure3/multihit/self_off/predictions/self_off_n04_combo086_CREB3-CREB5-CREM-ATF7_seed00_multihit_rates.txt
self_off,multi-hit,4,combo087_CREB3-CREB5-ATF1-ATF4,0,0.6743836363632051,0.45479328899445964,0.8645270136336543,721,/Users/iyubin/Documents/Codex/2026-06-05/pdf/outputs/figure3/multihit/self_off/predictions/self_off_n04_combo087_CREB3-CREB5-ATF1-ATF4_seed00_multihit_rates.txt
self_off,multi-hit,4,combo088_CREB3-CREB5-ATF1-ATF7,0,0.707785478523023,0.5009602836080647,0.858280735112068,721,/Users/iyubin/Documents/Codex/2026-06-05/pdf/outputs/figure3/multihit/self_off/predictions/self_off_n04_combo088_CREB3-CREB5-ATF1-ATF7_seed00_multihit_rates.txt
self_off,multi-hit,4,combo089_CREB3-CREB5-ATF4-ATF7,0,0.6934084370657516,0.4808152605939684,0.7836642649106086,721,/Users/iyubin/Documents/Codex/2026-06-05/pdf/outputs/figure3/multihit/self_off/predictions/self_off_n04_combo089_CREB3-CREB5-ATF4-ATF7_seed00_multihit_rates.txt
self_off,multi-hit,4,combo090_CREB3-CREM-ATF1-ATF4,0,0.6512935898495907,0.4241833401791669,0.7984945762720813,721,/Users/iyubin/Documents/Codex/2026-06-05/pdf/outputs/figure3/multihit/self_off/predictions/self_off_n04_combo090_CREB3-CREM-ATF1-ATF4_seed00_multihit_rates.txt
self_off,multi-hit,4,combo091_CREB3-CREM-ATF1-ATF7,0,0.6946747952098241,0.48257307109981107,0.7733805272147876,721,/Users/iyubin/Documents/Codex/2026-06-05/pdf/outputs/figure3/multihit/self_off/predictions/self_off_n04_combo091_CREB3-CREM-ATF1-ATF7_seed00_multihit_rates.txt
self_off,multi-hit,4,combo092_CREB3-CREM-ATF4-ATF7,0,0.6942420255396173,0.4819719900253507,0.7387972362616934,721,/Users/iyubin/Documents/Codex/2026-06-05/pdf/outputs/figure3/multihit/self_off/predictions/self_off_n04_combo092_CREB3-CREM-ATF4-ATF7_seed00_multihit_rates.txt
self_off,multi-hit,4,combo093_CREB3-ATF1-ATF4-ATF7,0,0.6504321469984727,0.42306197784904287,0.9340106877466862,721,/Users/iyubin/Documents/Codex/2026-06-05/pdf/outputs/figure3/multihit/self_off/predictions/self_off_n04_combo093_CREB3-ATF1-ATF4-ATF7_seed00_multihit_rates.txt
self_off,multi-hit,4,combo094_CREB5-CREM-ATF1-ATF4,0,0.6679240290394426,0.4461225085682822,0.9471820887591356,721,/Users/iyubin/Documents/Codex/2026-06-05/pdf/outputs/figure3/multihit/self_off/predictions/self_off_n04_combo094_CREB5-CREM-ATF1-ATF4_seed00_multihit_rates.txt
self_off,multi-hit,4,combo095_CREB5-CREM-ATF1-ATF7,0,0.7201685340090205,0.5186427173767016,0.7168739602549898,721,/Users/iyubin/Documents/Codex/2026-06-05/pdf/outputs/figure3/multihit/self_off/predictions/self_off_n04_combo095_CREB5-CREM-ATF1-ATF7_seed00_multihit_rates.txt
self_off,multi-hit,4,combo096_CREB5-CREM-ATF4-ATF7,0,0.5402728499150139,0.2918947523552911,3.8566391933675073,721,/Users/iyubin/Documents/Codex/2026-06-05/pdf/outputs/figure3/multihit/self_off/predictions/self_off_n04_combo096_CREB5-CREM-ATF4-ATF7_seed00_multihit_rates.txt
self_off,multi-hit,4,combo097_CREB5-ATF1-ATF4-ATF7,0,-0.021764072153719012,0.00047367483671228734,1.5962250742662951,721,/Users/iyubin/Documents/Codex/2026-06-05/pdf/outputs/figure3/multihit/self_off/predictions/self_off_n04_combo097_CREB5-ATF1-ATF4-ATF7_seed00_multihit_rates.txt
self_off,multi-hit,4,combo098_CREM-ATF1-ATF4-ATF7,0,0.6538934528428537,0.4275766476707494,0.9284166766119388,721,/Users/iyubin/Documents/Codex/2026-06-05/pdf/outputs/figure3/multihit/self_off/predictions/self_off_n04_combo098_CREM-ATF1-ATF4-ATF7_seed00_multihit_rates.txt
self_off,multi-hit,5,combo099_CREB1-CREB3-CREB5-CREM-ATF1,0,0.7986502632453392,0.6378422429818495,0.6925137020410037,721,/Users/iyubin/Documents/Codex/2026-06-05/pdf/outputs/figure3/multihit/self_off/predictions/self_off_n05_combo099_CREB1-CREB3-CREB5-CREM-ATF1_seed00_multihit_rates.txt
self_off,multi-hit,5,combo100_CREB1-CREB3-CREB5-CREM-ATF4,0,0.7980343192156993,0.6368587746460647,0.6147690579188951,721,/Users/iyubin/Documents/Codex/2026-06-05/pdf/outputs/figure3/multihit/self_off/predictions/self_off_n05_combo100_CREB1-CREB3-CREB5-CREM-ATF4_seed00_multihit_rates.txt
self_off,multi-hit,5,combo101_CREB1-CREB3-CREB5-CREM-ATF7,0,0.7970693645153617,0.6353195718489225,0.625580046919535,721,/Users/iyubin/Documents/Codex/2026-06-05/pdf/outputs/figure3/multihit/self_off/predictions/self_off_n05_combo101_CREB1-CREB3-CREB5-CREM-ATF7_seed00_multihit_rates.txt
self_off,multi-hit,5,combo102_CREB1-CREB3-CREB5-ATF1-ATF4,0,0.687986450258166,0.4733253557388319,0.8110093162951101,721,/Users/iyubin/Documents/Codex/2026-06-05/pdf/outputs/figure3/multihit/self_off/predictions/self_off_n05_combo102_CREB1-CREB3-CREB5-ATF1-ATF4_seed00_multihit_rates.txt
self_off,multi-hit,5,combo103_CREB1-CREB3-CREB5-ATF1-ATF7,0,0.7660862818210651,0.5868881911944244,0.6905396746947242,721,/Users/iyubin/Documents/Codex/2026-06-05/pdf/outputs/figure3/multihit/self_off/predictions/self_off_n05_combo103_CREB1-CREB3-CREB5-ATF1-ATF7_seed00_multihit_rates.txt
self_off,multi-hit,5,combo104_CREB1-CREB3-CREB5-ATF4-ATF7,0,0.7653995552576183,0.5858364791885599,0.6676546999993331,721,/Users/iyubin/Documents/Codex/2026-06-05/pdf/outputs/figure3/multihit/self_off/predictions/self_off_n05_combo104_CREB1-CREB3-CREB5-ATF4-ATF7_seed00_multihit_rates.txt
self_off,multi-hit,5,combo105_CREB1-CREB3-CREM-ATF1-ATF4,0,0.729683480409341,0.532437981582289,0.8084714802106242,721,/Users/iyubin/Documents/Codex/2026-06-05/pdf/outputs/figure3/multihit/self_off/predictions/self_off_n05_combo105_CREB1-CREB3-CREM-ATF1-ATF4_seed00_multihit_rates.txt
self_off,multi-hit,5,combo106_CREB1-CREB3-CREM-ATF1-ATF7,0,0.7811012342337863,0.6101191381215443,0.68065692670301,721,/Users/iyubin/Documents/Codex/2026-06-05/pdf/outputs/figure3/multihit/self_off/predictions/self_off_n05_combo106_CREB1-CREB3-CREM-ATF1-ATF7_seed00_multihit_rates.txt
self_off,multi-hit,5,combo107_CREB1-CREB3-CREM-ATF4-ATF7,0,0.8018760024673374,0.6430051233329972,0.6451249342398844,721,/Users/iyubin/Documents/Codex/2026-06-05/pdf/outputs/figure3/multihit/self_off/predictions/self_off_n05_combo107_CREB1-CREB3-CREM-ATF4-ATF7_seed00_multihit_rates.txt
self_off,multi-hit,5,combo108_CREB1-CREB3-ATF1-ATF4-ATF7,0,0.6766939491400733,0.4579147008027881,0.862547540305079,721,/Users/iyubin/Documents/Codex/2026-06-05/pdf/outputs/figure3/multihit/self_off/predictions/self_off_n05_combo108_CREB1-CREB3-ATF1-ATF4-ATF7_seed00_multihit_rates.txt
self_off,multi-hit,5,combo109_CREB1-CREB5-CREM-ATF1-ATF4,0,0.7804772027455793,0.6091446640055641,0.7688971748517685,721,/Users/iyubin/Documents/Codex/2026-06-05/pdf/outputs/figure3/multihit/self_off/predictions/self_off_n05_combo109_CREB1-CREB5-CREM-ATF1-ATF4_seed00_multihit_rates.txt
self_off,multi-hit,5,combo110_CREB1-CREB5-CREM-ATF1-ATF7,0,0.607300409619408,0.36881378752390076,0.9301195766223972,721,/Users/iyubin/Documents/Codex/2026-06-05/pdf/outputs/figure3/multihit/self_off/predictions/self_off_n05_combo110_CREB1-CREB5-CREM-ATF1-ATF7_seed00_multihit_rates.txt
self_off,multi-hit,5,combo111_CREB1-CREB5-CREM-ATF4-ATF7,0,0.7833033889881348,0.6135641992002971,0.7027608674573264,721,/Users/iyubin/Documents/Codex/2026-06-05/pdf/outputs/figure3/multihit/self_off/predictions/self_off_n05_combo111_CREB1-CREB5-CREM-ATF4-ATF7_seed00_multihit_rates.txt
self_off,multi-hit,5,combo112_CREB1-CREB5-ATF1-ATF4-ATF7,0,0.7563691208313973,0.5720942469472609,0.7259963337053468,721,/Users/iyubin/Documents/Codex/2026-06-05/pdf/outputs/figure3/multihit/self_off/predictions/self_off_n05_combo112_CREB1-CREB5-ATF1-ATF4-ATF7_seed00_multihit_rates.txt
self_off,multi-hit,5,combo113_CREB1-CREM-ATF1-ATF4-ATF7,0,0.7695195980236664,0.5921604117425051,0.7285405665890149,721,/Users/iyubin/Documents/Codex/2026-06-05/pdf/outputs/figure3/multihit/self_off/predictions/self_off_n05_combo113_CREB1-CREM-ATF1-ATF4-ATF7_seed00_multihit_rates.txt
self_off,multi-hit,5,combo114_CREB3-CREB5-CREM-ATF1-ATF4,0,0.6256492803256952,0.3914370219720604,1.0633229257665464,721,/Users/iyubin/Documents/Codex/2026-06-05/pdf/outputs/figure3/multihit/self_off/predictions/self_off_n05_combo114_CREB3-CREB5-CREM-ATF1-ATF4_seed00_multihit_rates.txt
self_off,multi-hit,5,combo115_CREB3-CREB5-CREM-ATF1-ATF7,0,0.6916153815316686,0.4783318359711955,0.7754853713820196,721,/Users/iyubin/Documents/Codex/2026-06-05/pdf/outputs/figure3/multihit/self_off/predictions/self_off_n05_combo115_CREB3-CREB5-CREM-ATF1-ATF7_seed00_multihit_rates.txt
self_off,multi-hit,5,combo116_CREB3-CREB5-CREM-ATF4-ATF7,0,0.5472391029864608,0.2994706358374263,2.9997881518608827,721,/Users/iyubin/Documents/Codex/2026-06-05/pdf/outputs/figure3/multihit/self_off/predictions/self_off_n05_combo116_CREB3-CREB5-CREM-ATF4-ATF7_seed00_multihit_rates.txt
self_off,multi-hit,5,combo117_CREB3-CREB5-ATF1-ATF4-ATF7,0,0.6847353185835096,0.46886245651566033,0.8357554868744124,721,/Users/iyubin/Documents/Codex/2026-06-05/pdf/outputs/figure3/multihit/self_off/predictions/self_off_n05_combo117_CREB3-CREB5-ATF1-ATF4-ATF7_seed00_multihit_rates.txt
self_off,multi-hit,5,combo118_CREB3-CREM-ATF1-ATF4-ATF7,0,0.694427052130801,0.48222893073107426,0.7650246451474509,721,/Users/iyubin/Documents/Codex/2026-06-05/pdf/outputs/figure3/multihit/self_off/predictions/self_off_n05_combo118_CREB3-CREM-ATF1-ATF4-ATF7_seed00_multihit_rates.txt
self_off,multi-hit,5,combo119_CREB5-CREM-ATF1-ATF4-ATF7,0,0.7134685064806258,0.5090373097396947,0.7524368178327004,721,/Users/iyubin/Documents/Codex/2026-06-05/pdf/outputs/figure3/multihit/self_off/predictions/self_off_n05_combo119_CREB5-CREM-ATF1-ATF4-ATF7_seed00_multihit_rates.txt
self_off,multi-hit,6,combo120_CREB1-CREB3-CREB5-CREM-ATF1-ATF4,0,0.7973742836715386,0.6358057482606994,0.6950086219536425,721,/Users/iyubin/Documents/Codex/2026-06-05/pdf/outputs/figure3/multihit/self_off/predictions/self_off_n06_combo120_CREB1-CREB3-CREB5-CREM-ATF1-ATF4_seed00_multihit_rates.txt
self_off,multi-hit,6,combo121_CREB1-CREB3-CREB5-CREM-ATF1-ATF7,0,0.7784417559756494,0.6059715674464524,0.6558221043177279,721,/Users/iyubin/Documents/Codex/2026-06-05/pdf/outputs/figure3/multihit/self_off/predictions/self_off_n06_combo121_CREB1-CREB3-CREB5-CREM-ATF1-ATF7_seed00_multihit_rates.txt
self_off,multi-hit,6,combo122_CREB1-CREB3-CREB5-CREM-ATF4-ATF7,0,0.803766886007456,0.6460412070421229,0.6094262425771085,721,/Users/iyubin/Documents/Codex/2026-06-05/pdf/outputs/figure3/multihit/self_off/predictions/self_off_n06_combo122_CREB1-CREB3-CREB5-CREM-ATF4-ATF7_seed00_multihit_rates.txt
self_off,multi-hit,6,combo123_CREB1-CREB3-CREB5-ATF1-ATF4-ATF7,0,0.7581537620720827,0.5747971269440523,0.6964576815468652,721,/Users/iyubin/Documents/Codex/2026-06-05/pdf/outputs/figure3/multihit/self_off/predictions/self_off_n06_combo123_CREB1-CREB3-CREB5-ATF1-ATF4-ATF7_seed00_multihit_rates.txt
self_off,multi-hit,6,combo124_CREB1-CREB3-CREM-ATF1-ATF4-ATF7,0,0.7365927053992066,0.5425688136473225,0.6896593447108835,721,/Users/iyubin/Documents/Codex/2026-06-05/pdf/outputs/figure3/multihit/self_off/predictions/self_off_n06_combo124_CREB1-CREB3-CREM-ATF1-ATF4-ATF7_seed00_multihit_rates.txt
self_off,multi-hit,6,combo125_CREB1-CREB5-CREM-ATF1-ATF4-ATF7,0,0.7786560388128153,0.6063052267796646,0.702813801588811,721,/Users/iyubin/Documents/Codex/2026-06-05/pdf/outputs/figure3/multihit/self_off/predictions/self_off_n06_combo125_CREB1-CREB5-CREM-ATF1-ATF4-ATF7_seed00_multihit_rates.txt
self_off,multi-hit,6,combo126_CREB3-CREB5-CREM-ATF1-ATF4-ATF7,0,0.681015982337121,0.46378276819859393,0.7846008991486664,721,/Users/iyubin/Documents/Codex/2026-06-05/pdf/outputs/figure3/multihit/self_off/predictions/self_off_n06_combo126_CREB3-CREB5-CREM-ATF1-ATF4-ATF7_seed00_multihit_rates.txt
self_off,multi-hit,7,combo127_CREB1-CREB3-CREB5-CREM-ATF1-ATF4-ATF7,0,0.7959008233783292,0.6334581206543024,0.6308740653879737,721,/Users/iyubin/Documents/Codex/2026-06-05/pdf/outputs/figure3/multihit/self_off/predictions/self_off_n07_combo127_CREB1-CREB3-CREB5-CREM-ATF1-ATF4-ATF7_seed00_multihit_rates.txt
